id,name,alamat,provinsi,telepon,website,jadwal_buka_Kamis,jadwal_buka_Jumat,jadwal_buka_Sabtu,jadwal_buka_Minggu,jadwal_buka_Senin,jadwal_buka_Selasa,jadwal_buka_Rabu,kategori,price,rating,users,level 1,x,y
1110207179519274786,Espacio Coffee Bandung,"Jl. Sukabumi No.42, Kacapiring, Kec. Batununggal, Kota Bandung, Jawa Barat 40271",Jawa Barat,-,none,10.00-21.00,10.00-21.00,10.00-21.00,10.00-21.00,10.00-21.00,10.00-21.00,10.00-21.00,Kedai Kopi,none,0,1.0,poisRegular2,107.6342095,-6.9154706
10299927118776903845,Copas cafe,"Jl. Laswi No.4, Kacapiring, Kec. Batununggal, Kota Bandung, Jawa Barat 40271",Jawa Barat,0811-2263-605,none,Tutup,11.00-22.00,11.00-22.00,11.00-22.00,15.00-00.00,11.00-22.00,11.00-22.00,Kafe,$,0,28.0,poisRegular2,107.63003619999999,-6.916363
4728374636672093416,Coffeelah bdg,"Jl. Laswi No.86, Samoja, Kec. Batununggal, Kota Bandung, Jawa Barat 40271",Jawa Barat,0813-2265-4021,none,09.00-21.00,09.00-21.00,09.00-21.00,09.00-21.00,09.00-21.00,09.00-21.00,09.00-21.00,Kedai Kopi,,0,0.0,poisRegular2,107.63050050000001,-6.9214588
2592882431800687489,MONYETCOFFEE,"Jl. Babakan Sari No.35, Babakan Sari, Kec. Kiaracondong, Kota Bandung, Jawa Barat 40283",Jawa Barat,-,none,11.00-23.00,12.30-23.00,11.00-00.00,11.00-00.00,11.00-23.00,11.00-23.00,11.00-23.00,Kafe,none,0,17.0,poisRegular2,107.6463019,-6.9220504
8276238170216204504,Waroenk Kafe,"Jl. Gatot Subroto No.401, Maleer, Kec. Batununggal, Kota Bandung, Jawa Barat 40275",Jawa Barat,0817-7283-5783,none,16.00-00.00,16.00-00.00,16.00-00.00,Tutup,16.00-00.00,16.00-00.00,16.00-00.00,Kafe,none,0,2.0,poisRegular2,107.64173679999999,-6.9310759000000015
12147720887034517216,Sydwic,"Jl. Cilaki No.63, Citarum, Kec. Bandung Wetan, Kota Bandung, Jawa Barat 40115",Jawa Barat,(022) 20511404,none,08.00-22.00,08.00-23.00,08.00-23.00,08.00-22.00,08.00-22.00,08.00-22.00,08.00-22.00,Kedai Kopi,$$,0,2100.0,poisRegular2,107.62222279999999,-6.9036754
15349463425455141843,AFTERISYA COFFEE,"Jl. Taman Pramuka No.181, Cihapit, Kec. Bandung Wetan, Kota Bandung, Jawa Barat 40114",Jawa Barat,0856-2480-8877,none,15.00-23.00,14.00-00.00,14.00-00.00,15.00-23.00,Tutup,15.00-23.00,15.00-23.00,Kedai Kopi,none,0,3.0,poisRegular2,107.62771219999999,-6.9106203
14951994818758367059,Coffee Court,"1, Jl. Bengawan No.65a, Cihapit, Kec. Bandung Wetan, Kota Bandung, Jawa Barat 40114",Jawa Barat,-,none,,,,,,,,Kedai Kopi,none,0,38.0,poisRegular2,107.62777070000001,-6.909705199999999
12957209487770779260,Ini Itu Cafe,"Jl. Bengawan No.69D, Cihapit, Kec. Bandung Wetan, Kota Bandung, Jawa Barat 40114",Jawa Barat,0812-2477-8277,none,09.00-22.30,09.00-22.30,09.00-22.30,09.00-22.30,09.00-22.30,09.00-22.30,09.00-22.30,Kafe,none,0,103.0,poisRegular2,107.6270294,-6.908855399999999
9313724913491002804,Two Cents,"Jl. Lombok No.28a, Merdeka, Kec. Bandung Wetan, Kota Bandung, Jawa Barat 40115",Jawa Barat,(022) 4261336,none,07.00-22.00,07.00-22.00,07.00-22.00,07.00-22.00,07.00-22.00,07.00-22.00,07.00-22.00,Kedai Kopi,$$,0,3000.0,poisRegular2,107.62044589999999,-6.9071849
16418555270383701589,Duatrail Coffee Space,"3JHV+3PJ, Jl. Jend. Ibrahim Adjie, Kebonwaru, Kec. Batununggal, Kota Bandung, Jawa Barat",Jawa Barat,-,none,,,,,,,,Kedai Kopi,,0,0.0,poisRegular2,107.64427850000001,-6.922288399999999
15159837582878622215,Aesthetic coffee & eatery,"Jl. Bengawan No.22, Cihapit, Kec. Bandung Wetan, Kota Bandung, Jawa Barat 40114",Jawa Barat,-,none,10.00-22.00,10.00-22.00,10.00-22.00,10.00-22.00,10.00-22.00,10.00-22.00,10.00-22.00,Kafe,,0,0.0,poisRegular2,107.62889489999999,-6.9101687
17453050148274502191,SEINKIRI Coffee Kitchen Space,"Jl. Lodaya No.63, Malabar, Kec. Lengkong, Kota Bandung, Jawa Barat 40262",Jawa Barat,0811-2096-363,none,09.00-00.00,09.00-02.00,09.00-02.00,09.00-00.00,09.00-00.00,09.00-00.00,09.00-00.00,Kafe,$$,0,277.0,poisRegular2,107.62185579999999,-6.930452799999999
13054791127449000367,Kséma Coffee & Roastery,"Jl. Karapitan No.36, Paledang, Kec. Lengkong, Kota Bandung, Jawa Barat 40261",Jawa Barat,0813-8276-7925,none,08.00-22.00,08.00-22.00,08.00-22.00,08.00-22.00,08.00-22.00,08.00-22.00,08.00-22.00,Kafe,none,0,90.0,poisRegular2,107.6171004,-6.925694699999999
9251672580396876109,U Coffee,"3JQ9+7HG, Jl. Belitung, Merdeka, Kec. Sumur Bandung, Kota Bandung, Jawa Barat 40113",Jawa Barat,0822-8228-5000,none,08.00-22.00,08.00-22.00,08.00-22.00,08.00-22.00,08.00-22.00,08.00-22.00,08.00-22.00,Kafe,$$,0,272.0,poisRegular2,107.61895489999999,-6.9118146
4935190484205589316,Coffee 747,"Jl. Cihapit No.36A, Cihapit, Kec. Bandung Wetan, Kota Bandung, Jawa Barat 40114",Jawa Barat,-,none,10.00-22.00,10.00-22.00,10.00-22.00,10.00-22.00,10.00-22.00,10.00-22.00,10.00-22.00,Kafe,none,0,2.0,poisRegular2,107.6230021,-6.907896099999999
2080748660239812194,StreetsCafe,"3JJ8+5H6, Jl. Veteran, Kb. Pisang, Kec. Sumur Bandung, Kota Bandung, Jawa Barat 40112",Jawa Barat,0895-2530-3306,none,19.00-03.00,19.00-03.00,19.00-03.00,19.00-03.00,19.00-03.00,19.00-03.00,19.00-03.00,Kedai Kopi,,0,0.0,poisRegular2,107.61639300000002,-6.919588
7012290689893962847,Paulina Coffee & Gallery,"Jl. Belitung No.9, Merdeka, Kec. Sumur Bandung, Kota Bandung, Jawa Barat 40113",Jawa Barat,0811-2001-883,none,13.00-20.00,13.00-20.00,13.00-20.00,Tutup,13.00-20.00,13.00-20.00,13.00-20.00,Kedai Kopi,$$,0,92.0,poisRegular2,107.61801129999999,-6.9113058
11686522116699532926,Heritage Cafe,"Jl. L. L. R.E. Martadinata No.61, Citarum, Kec. Bandung Wetan, Kota Bandung, Jawa Barat 40114",Jawa Barat,(022) 4267707,none,09.00-21.00,09.00-21.00,09.00-22.00,09.00-21.00,09.00-21.00,09.00-21.00,09.00-21.00,Kafe,$$,0,65.0,poisRegular2,107.61646909999999,-6.906036599999999
9126433617461429539,Chronology Coffee,"Jl. Jawa No.32, Merdeka, Kec. Sumur Bandung, Kota Bandung, Jawa Barat 40113",Jawa Barat,0857-2133-5499,none,12.00-22.00,12.00-22.00,15.00-01.00,15.00-01.00,12.00-22.00,12.00-22.00,12.00-22.00,Kedai Kopi,none,0,40.0,poisRegular2,107.61551109999999,-6.9155055999999995
13895973443168679985,Giur Bistro,"Jl. Aria Jipang No.1, RW.3, Citarum, Kec. Bandung Wetan, Kota Bandung, Jawa Barat 40115",Jawa Barat,(022) 4241981,none,10.00-22.00,10.00-22.00,10.00-22.00,10.00-22.00,10.00-22.00,10.00-22.00,10.00-22.00,Restoran Asia,none,0,140.0,poisRegular2,107.61501799999999,-6.900355999999999
2924322430980276257,Jack Runner Roastery,"Jl. Panaitan No.34, Kb. Pisang, Kec. Sumur Bandung, Kota Bandung, Jawa Barat 40112",Jawa Barat,0815-7038-833,none,08.00-00.00,08.00-00.00,08.00-00.00,08.00-00.00,08.00-00.00,08.00-00.00,08.00-00.00,Kedai Kopi,$$,0,527.0,poisRegular2,107.617301,-6.917653
5557340708216601159,Mr. RoReRu Cafe,"Jalan Jendral Ahmad Yani No.699, Apartemen Gateway, Tower Shapire, Lantai LG 1 No.12-15, Cibeunying Kidul, Padasuka, Kec. Cibeunying Kidul, Kota Bandung, Jawa Barat 40125",Jawa Barat,0813-9464-2886,none,09.00-23.59,09.00-23.59,09.00-23.59,09.00-23.59,09.00-23.59,09.00-23.59,09.00-23.59,Kafe,,0,0.0,poisRegular2,107.64491729999999,-6.9066066
13965927102111116241,Coffe,"3JM9+2M3, Kb. Pisang, Kec. Sumur Bandung, Kota Bandung, Jawa Barat 40112",Jawa Barat,-,none,,,,,,,,Kedai Kopi,,0,0.0,poisRegular2,107.6191587,-6.9174783
18078670014148671906,Oicoffee_,"Jalan brigjen Jl. Terusan Katamso No.18, Cikutra, Kec. Cibeunying Kidul, Kota Bandung, Jawa Barat 40124",Jawa Barat,0815-4727-2793,none,Buka 24 jam,Buka 24 jam,Buka 24 jam,Buka 24 jam,Buka 24 jam,Buka 24 jam,Buka 24 jam,Kafe,,0,0.0,poisRegular2,107.63769549999999,-6.9010153
259706237561368685,Coffee Faith,"Jl. Sekepanjang 2 No.17B, Cikutra, Kec. Cibeunying Kidul, Kota Bandung, Jawa Barat 40124",Jawa Barat,0878-2537-7766,none,10.00-11.00,10.00-11.00,10.00-11.00,10.00-11.00,10.00-11.00,10.00-11.00,10.00-11.00,Kafe,,0,0.0,poisRegular2,107.6432962,-6.9043861
3513067815640445734,Cafe87,"3JHW+XWR, Gg. 9, Babakan Sari, Kec. Kiaracondong, Kota Bandung, Jawa Barat 40283",Jawa Barat,0859-7487-0073,none,Buka 24 jam,Buka 24 jam,Tutup,Tutup,Buka 24 jam,Buka 24 jam,Buka 24 jam,Kedai Kopi,,0,0.0,poisRegular2,107.64726870000001,-6.9200045
2719635506754661333,Braga Art Cafe,"Jl. Braga Indonesia No.68, Braga, Kec. Sumur Bandung, Kota Bandung, Jawa Barat 40111",Jawa Barat,(022) 84281268,none,10.00-23.00,10.00-23.00,10.00-23.00,10.00-23.00,10.00-23.00,10.00-23.00,10.00-23.00,Kafe,none,0,942.0,poisRegular2,107.6093533,-6.9170905
1036619711113574351,COFFE PINO4D,"3JQ9+8GJ, Jl. Belitung, Merdeka, Kec. Sumur Bandung, Kota Bandung, Jawa Barat 40113",Jawa Barat,-,none,,,,,,,,Kedai Kopi,none,0,1.0,poisRegular2,107.6187794,-6.911674499999999
6711789898166084985,Warung Ngopi 821,"Jl. A. Yani No.821, Padasuka, Kec. Kiaracondong, Kota Bandung, Jawa Barat 40125",Jawa Barat,0821-1729-0807,none,10.00-22.00,10.00-22.00,10.00-22.00,11.00-22.00,10.00-22.00,10.00-22.00,10.00-22.00,Kafe,$$,0,61.0,poisRegular2,107.65069659999999,-6.9046392
9521309915911276340,Coffee Shop,"GF , Piset Square , JL. Palajar Pejuang 45, Turangga , 119 , Lengkong , 40264 Bandung , Jawa Barat, Turangga, Lengkong, Bandung City, West Java 40264",Jawa Barat,(022) 7308510,none,,,,,,,,Kafe,none,0,1.0,poisRegular2,107.6250877,-6.9341596
1399644236440186072,Pivot Coffee,"Jl. Cikutra No.168, Sukapada, Kec. Cibeunying Kidul, Kota Bandung, Jawa Barat 40124",Jawa Barat,0811-2077-126,none,11.00-23.00,11.00-23.00,11.00-23.00,Tutup,11.00-23.00,11.00-23.00,11.00-23.00,Kedai Kopi,none,0,187.0,poisRegular2,107.643553,-6.899608799999999
5391189742527898439,Caffe NewPelangi,"3JJ8+XGJ, Kb. Pisang, Kec. Sumur Bandung, Kota Bandung, Jawa Barat 40112",Jawa Barat,-,none,Buka 24 jam,Buka 24 jam,Buka 24 jam,Buka 24 jam,Buka 24 jam,Buka 24 jam,Buka 24 jam,Kafe,,0,0.0,poisRegular2,107.6162753,-6.917536
2418913719920639555,Kedai 47,"Jl. Karawitan No.47, Turangga, Kec. Lengkong, Kota Bandung, Jawa Barat 40264",Jawa Barat,0852-2262-6662,none,10.00-21.00,10.00-21.00,10.00-21.00,10.00-21.00,10.00-21.00,10.00-21.00,10.00-21.00,Kafe,none,0,99.0,poisRegular2,107.628572,-6.9384285
16842517229804799151,Koffie Story,"Jl. L. L. R.E. Martadinata No.68, Citarum, Kec. Bandung Wetan, Kota Bandung, Jawa Barat 40115",Jawa Barat,(022) 86012888,none,06.00-23.00,06.00-23.00,06.00-23.00,06.00-23.00,06.00-23.00,06.00-23.00,06.00-23.00,Kedai Kopi,none,0,82.0,poisRegular2,107.6205694,-6.9060675
16121103157223795764,nonkitchencoffend'lounge,"Jl. A. Yani No.2, Malabar, Kec. Lengkong, Kota Bandung, Jawa Barat 40113",Jawa Barat,0821-2109-0160,none,10.00-00.00,10.00-00.00,10.00-00.00,10.00-00.00,10.00-00.00,10.00-00.00,10.00-00.00,Kafe,none,0,20.0,poisRegular2,107.6182164,-6.922225699999999
7704328209342329232,Cafe 67,"Jl. Dalem Kaum No.67, Balonggede, Kec. Regol, Kota Bandung, Jawa Barat 40261",Jawa Barat,0899-6006-270,none,11.00-21.00,13.00-20.00,11.00-21.00,11.00-21.00,Tutup,11.00-21.00,11.00-21.00,Kafe,$,0,70.0,poisRegular2,107.60867909999999,-6.9225642999999994
6133233426890882805,KOLINGAN COFFEE bandung,"No.56, Jl. Lengkong Kecil No.58, Paledang, Kec. Lengkong, Kota Bandung, Jawa Barat 40261",Jawa Barat,0821-1646-2530,none,17.00-21.30,17.00-21.30,17.00-21.30,17.00-21.30,17.00-21.30,17.00-21.30,17.00-21.30,Kafe,none,0,4.0,poisRegular2,107.61540839999999,-6.9236784
1040437754152277464,Nanny's Pavillon,"Jalan Laks LLRE Martadinata St No.125, Cihapit, Bandung Wetan, Bandung City, West Java 40114",Jawa Barat,(022) 7234018,none,10.00-22.00,10.00-22.00,10.00-22.00,10.00-22.00,10.00-22.00,10.00-22.00,10.00-22.00,Restoran Panekuk,$$,0,2700.0,poisRegular2,107.62385300000001,-6.907804199999999
10326712299415129314,Ju-e Kopi - Vietnamese Authentic Coffee in Bandung,"Jl. Taman Cibeunying Utara, Cihapit, Kec. Bandung Wetan, Kota Bandung, Jawa Barat 40114",Jawa Barat,0852-6857-3000,none,09.00-22.00,09.00-22.00,09.00-22.00,09.00-22.00,09.00-22.00,09.00-22.00,09.00-22.00,Kedai Kopi,none,0,13.0,poisRegular2,107.6260227,-6.9071926
1704640777896542350,CafeNewPelangi,"3JV8+MQF, Citarum, Kec. Bandung Wetan, Kota Bandung, Jawa Barat 40115",Jawa Barat,-,none,Buka 24 jam,Buka 24 jam,Buka 24 jam,Buka 24 jam,Buka 24 jam,Buka 24 jam,Buka 24 jam,Kafe,,0,0.0,poisRegular2,107.6169898,-6.9058082
5484294314169941901,Warung Kopi Teh Elly,"3JJ9+GC2, Kb. Pisang, Kec. Sumur Bandung, Kota Bandung, Jawa Barat 40112",Jawa Barat,-,none,08.00-09.00,08.00-09.00,08.00-09.00,Tutup,08.00-09.00,08.00-09.00,08.00-09.00,Kafe,,0,0.0,poisRegular2,107.6185162,-6.9187464
11187325479590440918,Sawo Coffee and Roastery,"Jl. Braga No.76, Braga, Kec. Sumur Bandung, Kota Bandung, Jawa Barat 40111",Jawa Barat,0813-2020-8888,none,08.00-23.00,08.00-23.00,08.00-23.00,08.00-23.00,08.00-23.00,08.00-23.00,08.00-23.00,Kedai Kopi,$$,0,581.0,poisRegular2,107.6093044,-6.9168012
11964002841122454893,Kopi Tuya,"Jl. Bahureksa No.25, Citarum, Kec. Bandung Wetan, Kota Bandung, Jawa Barat 40115",Jawa Barat,0813-9482-8318,none,08.00-22.00,08.00-22.00,08.00-22.00,08.00-22.00,08.00-22.00,08.00-22.00,08.00-22.00,Kedai Kopi,none,0,147.0,poisRegular2,107.61572389999999,-6.905105
18040112570266874593,SALMANAN COFFEE SHOP,"Jl. Banteng No.56, Turangga, Kec. Lengkong, Kota Bandung, Jawa Barat 40264",Jawa Barat,-,none,,,,,,,,Kafe,none,0,147.0,poisRegular2,107.62200899999999,-6.9330497
17123067643911616402,Site Coffee Bandung,"Jl. Kalimantan No.1, Merdeka, Kec. Sumur Bandung, Kota Bandung, Jawa Barat 40113",Jawa Barat,-,none,10.00-20.00,10.00-20.00,10.00-20.00,10.00-20.00,10.00-20.00,10.00-20.00,10.00-20.00,Kedai Kopi,none,0,116.0,poisRegular2,107.61545679999999,-6.914359699999999
17218422360375753979,Caffee,"Jl. Progo No.16, Citarum, Kec. Bandung Wetan, Kota Bandung, Jawa Barat 40115",Jawa Barat,-,none,,,,,,,,Kedai Kopi,,0,0.0,poisRegular2,107.6181167,-6.9048538000000015
7038604531147078685,Caffe NewPelangi,"Jl. Sawah Kurung III No.19-27, Ciateul, Kec. Regol, Kota Bandung, Jawa Barat 40252",Jawa Barat,-,none,Buka 24 jam,Buka 24 jam,Buka 24 jam,Buka 24 jam,Buka 24 jam,Buka 24 jam,Buka 24 jam,Kedai Kopi,,0,0.0,poisRegular2,107.61288259999999,-6.933756400000001
10675363789425972256,DiErNü Coffee,"Jl. Kotabaru Raya No.32, Ciateul, Kec. Regol, Kota Bandung, Jawa Barat 40252",Jawa Barat,(022) 5203628,none,11.00-21.00,11.00-21.00,11.00-21.00,11.00-21.00,11.00-21.00,11.00-21.00,11.00-21.00,Kafe,$$,0,62.0,poisRegular2,107.6100082,-6.9345861
4031085760370249339,Gang Cafe,"3JR5+CXW, Jl. Merdeka, Babakan Ciamis, Kec. Sumur Bandung, Kota Bandung, Jawa Barat 40132",Jawa Barat,-,none,08.00-21.00,08.00-21.00,08.00-21.00,08.00-21.00,08.00-21.00,08.00-21.00,08.00-21.00,Kafe,none,0,1.0,poisRegular2,107.6099409,-6.908904499999999
18403034006712432488,Loko Coffee Shop Bandung,"Jl. Kebon Kawung No.43, Pasir Kaliki, Kec. Cicendo, Kota Bandung, Jawa Barat 40171",Jawa Barat,-,none,07.00-22.00,07.00-22.00,07.00-22.00,07.00-22.00,07.00-22.00,07.00-22.00,07.00-22.00,Kedai Kopi,$$,0,1600.0,poisRegular2,107.6029586,-6.9128975
1594151303706064858,910 coffee,"Jl. Rajamantri Kulon No.2, Turangga, Kec. Lengkong, Kota Bandung, Jawa Barat 40264",Jawa Barat,(022) 7302000,none,11.00-21.00,13.00-21.00,11.00-22.00,11.00-22.00,11.00-21.00,11.00-21.00,11.00-21.00,Kafe,$,0,80.0,poisRegular2,107.630772,-6.9438315
11178653366727097870,Garden Coffee Bandung,"Jl. Ciungwanara No.10 A, Dago, Kecamatan Coblong, Kota Bandung, Jawa Barat 40135",Jawa Barat,0838-1942-4323,none,08.00-23.00,08.00-23.00,08.00-23.00,08.00-23.00,08.00-23.00,10.30-23.00,08.00-23.00,Kedai Kopi,none,0,825.0,poisRegular2,107.6113515,-6.895175900000001
9309856863787401895,Pahopu Coffee,"Jl. Purnawarman No.18-20, Babakan Ciamis, Kec. Sumur Bandung, Kota Bandung, Jawa Barat 40117",Jawa Barat,0877-2881-7695,none,10.00-21.00,10.00-21.00,10.00-21.30,10.00-21.30,10.00-21.00,10.00-21.00,10.00-21.00,Kedai Kopi,none,0,52.0,poisRegular2,107.6094993,-6.9089946
1038599989199366864,"Streeto milk,coffee,& tea","Jl. Phh. Mustofa No.85, Padasuka, Kec. Cibeunying Kidul, Kota Bandung, Jawa Barat 40125",Jawa Barat,0813-8462-0258,none,11.00-20.00,11.00-20.00,11.00-20.00,Tutup,11.00-20.00,11.00-20.00,11.00-20.00,Kedai Kopi,none,0,1.0,poisRegular2,107.645255,-6.9002552999999995
14513001384181553654,BB6mm Coffee & Eatery,"Wisma Wira Amur, Jl. Belitung No.2B, Merdeka, Kec. Sumur Bandung, Kota Bandung, Jawa Barat 40113",Jawa Barat,0812-2421-722,none,11.00-23.00,13.00-23.00,11.00-23.00,11.00-23.00,Tutup,11.00-23.00,11.00-23.00,Kafe,none,0,19.0,poisRegular2,107.6134515,-6.912760400000001
10280735914093332593,0,"4J2R+9PG, Jl. Cikutra, Neglasari, Kec. Cibeunying Kaler, Kota Bandung, Jawa Barat 40125",Jawa Barat,-,none,10.00-21.00,10.00-21.00,10.00-21.00,10.00-21.00,10.00-21.00,10.00-21.00,10.00-21.00,Kafe,,0,0.0,poisRegular2,107.6418291,-6.8990513
17350307817426625861,Vanlet Coffee,"Jl. Rana No.1, Cikawao, Kec. Lengkong, Kota Bandung, Jawa Barat 40261",Jawa Barat,-,none,11.00-22.00,11.00-22.00,11.00-22.00,11.00-22.00,11.00-22.00,11.00-22.00,11.00-22.00,Kedai Kopi,none,0,30.0,poisRegular2,107.611024,-6.9247937
12619265542283902674,"Tempat Ngopi, Bandung","Jl. Sultan Tirtayasa No.45, Citarum, Kec. Bandung Wetan, Kota Bandung, Jawa Barat 40115",Jawa Barat,-,none,10.00-22.00,10.00-22.00,10.00-00.00,10.00-22.00,09.00-22.00,10.00-22.00,10.00-22.00,Kedai Kopi,none,0,4.0,poisRegular2,107.6160178,-6.904624399999999
7412359404131869408,S'kogar Coffee & Eatery,"Jl. L. L. R.E. Martadinata No.86, Citarum, Kec. Bandung Wetan, Kota Bandung, Jawa Barat 40114",Jawa Barat,-,none,09.00-23.00,09.00-23.00,09.00-23.00,09.00-23.00,09.00-23.00,09.00-23.00,09.00-23.00,Kedai Kopi,none,0,3.0,poisRegular2,107.6232957,-6.908096599999999
6650673456108323669,DCANOLI COFFEE EATERY,"Jl. Lengkong Kecil No.21, Paledang, Kec. Lengkong, Kota Bandung, Jawa Barat 40261",Jawa Barat,0821-2100-0805,none,11.00-23.00,11.00-23.00,11.00-23.30,11.00-23.30,11.00-23.30,11.00-23.30,11.00-23.30,Kedai Kopi,none,0,2.0,poisRegular2,107.61313949999999,-6.923000099999999
5768344019342384643,Coffeinc.bandung,"3JV5+9PF, Tamansari, Kec. Bandung Wetan, Kota Bandung, Jawa Barat 40116",Jawa Barat,-,none,,,,,,,,Kafe,none,0,5.0,poisRegular2,107.6092973,-6.9065598999999995
7936355844634753070,Qohua Coffee,"Jl. Ibrahim Adjie No.194, Cijaura, Kec. Kiaracondong, Kota Bandung, Jawa Barat 40283",Jawa Barat,0812-8369-7742,none,09.00-23.00,09.00-23.00,09.00-00.00,09.00-23.00,Tutup,09.00-23.00,09.00-23.00,Kedai Kopi,none,0,11.0,poisRegular2,107.6416763,-6.9471194
17698407220621010014,Big Pond Coffee,"Jl. Balonggede No.57 A, Balonggede, Kec. Regol, Kota Bandung, Jawa Barat 40251",Jawa Barat,0838-2812-788,none,08.00-23.00,08.00-23.00,08.00-23.00,08.00-23.00,08.00-23.00,08.00-23.00,08.00-23.00,Kedai Kopi,none,0,60.0,poisRegular2,107.60728429999999,-6.925329800000001
6086088147954479327,Lupain Cafe,"4J77+RJ2, Lebakgede, Kecamatan Coblong, Kota Bandung, Jawa Barat 40132",Jawa Barat,0823-1698-8622,none,Buka 24 jam,Buka 24 jam,Buka 24 jam,Buka 24 jam,Buka 24 jam,Buka 24 jam,Buka 24 jam,Kafe,none,0,23.0,poisRegular2,107.61399779999999,-6.8854880000000005
14228937788030081590,Struggle Cafe Kepatihan,"Jl. Kepatihan No.23, Balonggede, Kec. Regol, Kota Bandung, Jawa Barat 40251",Jawa Barat,0822-1334-7428,none,Buka 24 jam,Buka 24 jam,Buka 24 jam,Buka 24 jam,Buka 24 jam,Buka 24 jam,Buka 24 jam,Kafe,,0,0.0,poisRegular2,107.60570919999999,-6.9232437000000004
15677596970163115798,Kedai Kopi Jalanan,"3J4H+QC3, Cijagra, Kec. Lengkong, Kota Bandung, Jawa Barat 40265",Jawa Barat,-,none,18.00-00.00,18.00-00.00,18.00-00.00,18.00-00.00,18.00-00.00,18.00-00.00,18.00-00.00,Kafe,none,0,1.0,poisRegular2,107.6285448,-6.9431023
18045068949496207838,District Dago Cafe & Resto,"Jl. Ir. H. Juanda No.339, Dago, Kecamatan Coblong, Kota Bandung, Jawa Barat 40135",Jawa Barat,0812-2465-0652,none,09.00-22.00,09.00-22.00,09.00-22.00,09.00-22.00,09.00-22.00,09.00-22.00,09.00-22.00,Kafe,$$,0,1400.0,poisRegular2,107.61849409999999,-6.8753339
17838546355980151871,Cafe 190,"Jl. Peta No.190a, Suka Asih, Kec. Bojongloa Kaler, Kota Bandung, Jawa Barat 40231",Jawa Barat,(022) 6123999,none,10.30-21.00,10.30-21.00,10.30-21.00,10.30-21.00,10.30-21.00,10.30-21.00,10.30-21.00,Kafe,none,0,415.0,poisRegular2,107.589424,-6.931833399999999
884977177728497231,Kopi Kyomi,"Jl. Ir. H. Juanda No.130, Dago, Kecamatan Coblong, Kota Bandung, Jawa Barat 40135",Jawa Barat,0812-2298-8322,none,08.00-22.00,08.00-22.00,08.00-22.00,08.00-22.00,08.00-22.00,08.00-22.00,08.00-22.00,Kedai Kopi,none,0,658.0,poisRegular2,107.61394469999999,-6.8893603
14463665560511212665,Bright Cafe,"Jl. Ir. H. Juanda No.139, Lb. Siliwangi, Kecamatan Coblong, Kota Bandung, Jawa Barat 40132",Jawa Barat,0815-8644-8903,none,06.00-22.00,06.00-22.00,06.00-22.00,06.00-22.00,06.00-22.00,06.00-22.00,06.00-22.00,Kafe,$$,0,310.0,poisRegular2,107.61298579999999,-6.8902223
10379465928814183411,P A P A Coffee & Eatery,"Jl. Phh. Mustofa No.57, Neglasari, Kec. Cibeunying Kaler, Kota Bandung, Jawa Barat 40124",Jawa Barat,-,none,,,,,,,,Kedai Kopi,,0,0.0,poisRegular2,107.64298079999999,-6.899551199999999
5862545802868139423,Kafe,"Jl. Purnawarman No.9 B, Babakan Ciamis, Kec. Sumur Bandung, Kota Bandung, Jawa Barat 40116",Jawa Barat,-,none,09.00-21.00,09.00-21.00,09.00-21.00,09.00-21.00,09.00-21.00,09.00-21.00,09.00-21.00,Kafe,,0,0.0,poisRegular2,107.6091873,-6.9083267
11130300083588418422,D'Cafe,"4J35+27C depan Taman Film, Tamansari, Kec. Bandung Wetan, Kota Bandung, Jawa Barat 40116",Jawa Barat,-,none,09.30-23.00,09.30-23.00,09.30-23.00,09.30-23.00,09.30-23.00,09.30-23.00,09.30-23.00,Kafe,,0,0.0,poisRegular2,107.6081677,-6.897433599999999
8014944767401747255,Floyd coffee linggawastu,"Jl. Wastukencana No.12 C, Tamansari, Kec. Bandung Wetan, Kota Bandung, Jawa Barat 40116",Jawa Barat,0857-9529-6500,none,10.00-23.00,10.00-23.00,10.00-23.00,10.00-23.00,10.00-23.00,10.00-23.00,10.00-23.00,Kedai Kopi,none,0,17.0,poisRegular2,107.6056528,-6.904625299999999
6355511948729058307,Magenta Cafe Bandung,"Jl. Dr. Djunjunan No.96, Sukabungah, Kec. Sukajadi, Kota Bandung, Jawa Barat 40162",Jawa Barat,0878-1100-7999,none,10.00-22.00,10.00-22.00,10.00-22.00,10.00-22.00,10.00-22.00,10.00-22.00,10.00-22.00,Kafe,none,0,117.0,poisRegular2,107.5906477,-6.8960203
11356429538648866383,Eighteen Coffee Bandung,"Jl. Cemara No.46, Pasteur, Kec. Sukajadi, Kota Bandung, Jawa Barat 40161",Jawa Barat,0896-1839-5319,none,08.00-22.00,07.00-23.00,07.00-23.00,07.00-23.00,08.00-22.00,08.00-22.00,08.00-22.00,Kedai Kopi,none,0,2000.0,poisRegular2,107.5990715,-6.8842329
1561357854750819970,Garden Cafe Dago 109 / GMKI Cabang Bandung,"Jl. Ir. H. Juanda No.109, Lb. Siliwangi, Kecamatan Coblong, Kota Bandung, Jawa Barat 40132",Jawa Barat,-,none,06.00-22.00,06.00-22.00,06.00-22.00,06.00-22.00,06.00-22.00,06.00-22.00,06.00-22.00,Kafe,none,0,137.0,poisRegular2,107.61279599999999,-6.8928278999999995
11453774758399626930,Dapurrr Coffea and Tea,"Apartment The Jarrdin, Cipaganti, Kecamatan Coblong, Kota Bandung, Jawa Barat 40131",Jawa Barat,-,none,Buka 24 jam,Buka 24 jam,Buka 24 jam,Buka 24 jam,Buka 24 jam,Buka 24 jam,Buka 24 jam,Kafe,none,0,2.0,poisRegular2,107.60444249999999,-6.8924692
10643477467092308946,COFFESHOP KAI,"3JM3+M3J, Jl. Stasion Selatan, Kb. Jeruk, Kec. Andir, Kota Bandung, Jawa Barat 40181",Jawa Barat,-,none,,,,,,,,Kedai Kopi,,0,0.0,poisRegular2,107.60263409999999,-6.9157877
15869729668799392084,The Parlor,"Jl. Rancakendal Luhur No.9, Ciburial, Kec. Cimenyan, Kabupaten Bandung, Jawa Barat 40191",Jawa Barat,(022) 20454439,none,10.00-20.00,10.00-20.00,09.00-22.00,09.00-22.00,10.00-20.00,10.00-20.00,10.00-20.00,Kafe,$$,0,3600.0,poisRegular2,107.6282763,-6.869858100000001
11507396318311918627,Housen Coffee,"aspol tegalega, Jl. Pelindung Hewan No.25, Pelindung Hewan, Astanaanyar, Bandung City, West Java 40243",Jawa Barat,-,none,09.00-21.00,09.00-21.00,09.00-21.00,09.00-21.00,09.00-21.00,09.00-21.00,09.00-21.00,Kedai Kopi,none,0,5.0,poisRegular2,107.6035862,-6.938772999999999
13654299544498951649,NgopiJS - Coffee & Code,"Jl. Telepon No.18, Braga, Kec. Sumur Bandung, Kota Bandung, Jawa Barat 40111",Jawa Barat,0852-7370-3927,none,10.00-20.00,Tutup,10.00-20.00,10.00-20.00,10.00-20.00,10.00-20.00,10.00-20.00,Kedai Kopi,,0,0.0,poisRegular2,107.6109084,-6.917503699999999
18253352065320479503,Utara Cafe,"Ciburial, Kec. Cimenyan, Kabupaten Bandung, Jawa Barat 40198",Jawa Barat,0819-0304-6102,none,11.00-22.00,11.00-22.00,11.00-22.00,11.00-22.00,11.00-22.00,11.00-22.00,11.00-22.00,Kafe,$$,0,3900.0,poisRegular2,107.6459081,-6.8502714000000005
1418606419120325586,OROFI CAFE,"Jl. Lembah Pakar Tim. No.99, Ciburial, Kec. Cimenyan, Kabupaten Bandung, Jawa Barat 40198",Jawa Barat,(022) 2511450,none,11.30-22.00,14.00-23.00,11.00-23.00,11.00-22.00,14.00-22.00,14.00-22.00,14.00-22.00,Kafe,$$,0,1600.0,poisRegular2,107.6335057,-6.8628002
10837563575437664906,Kafe 198,"Jalan Cihampelas No. 198B, Cipaganti, Coblong, Cipaganti, Kecamatan Coblong, Kota Bandung, Jawa Barat 40131",Jawa Barat,(022) 2036871,none,10.00-22.00,10.00-22.00,10.00-22.00,10.00-22.00,10.00-22.00,10.00-22.00,10.00-22.00,Kafe,none,0,1.0,poisRegular2,107.6043079,-6.893493599999999
13553386410035963611,foresta coffee,"Jl. Rancabentang No.28, Ciumbuleuit, Kec. Cidadap, Kota Bandung, Jawa Barat 40142",Jawa Barat,0813-9888-8932,none,08.00-22.00,08.00-22.00,08.00-23.00,08.00-23.00,08.00-22.00,08.00-22.00,08.00-22.00,Kedai Kopi,none,0,378.0,poisRegular2,107.6100755,-6.8678732
7339232782029788396,Cafe Skool,"Jl. Abdul Rahman Saleh No.35, Husen Sastranegara, Kec. Cicendo, Kota Bandung, Jawa Barat 40174",Jawa Barat,(022) 20574201,none,11.00-22.00,11.00-22.00,11.00-22.00,11.00-22.00,11.00-22.00,11.00-22.00,11.00-22.00,Kafe,$,0,35.0,poisRegular2,107.58423450000001,-6.907563499999999
15066936837688942075,Hara Cafe and Resto,"Jl. Prof. Dr. Sutami No.62, Sukarasa, Kec. Sukasari, Kota Bandung, Jawa Barat 40152",Jawa Barat,(022) 82009777,none,08.00-21.00,08.00-21.00,08.00-21.00,08.00-21.00,08.00-21.00,08.00-21.00,08.00-21.00,Kafe,$$,0,2100.0,poisRegular2,107.58680199999999,-6.8781254
296241331162940280,Congo Gallery & Cafe,"Jl. Ranca Kendal Luhur No.8 Dago, Ciburial, Kec. Cibeunying Kaler, Kota Bandung, Jawa Barat 40191",Jawa Barat,(022) 2531065,none,09.00-22.00,09.00-22.00,09.00-23.00,09.00-22.00,09.00-22.00,09.00-22.00,09.00-22.00,Restoran,$$$,0,3900.0,poisRegular2,107.6278067,-6.8674381
12459289461902857069,Masagi Koffee,"Jl. Gunung Kareumbi No.1-B, Ciumbuleuit, Kec. Cidadap, Kota Bandung, Jawa Barat 40141",Jawa Barat,-,none,,,,,,,,Kedai Kopi,$$,0,1600.0,poisRegular2,107.6065289,-6.868784
7294502863749584839,Edelweiss Tea & Coffee House,"Jl. Neglasari Dalam No.7, Ciumbuleuit, Kec. Cidadap, Kota Bandung, Jawa Barat 40141",Jawa Barat,0851-7434-0078,none,10.00-21.00,10.00-22.00,10.00-22.00,10.00-22.00,10.00-21.00,10.00-21.00,10.00-21.00,Kafe,$$,0,912.0,poisRegular2,107.60325909999999,-6.867934
11521048409444283100,Kurokoffee,"Jl. Ciumbuleuit No.130, Ciumbuleuit, Kec. Cidadap, Kota Bandung, Jawa Barat 40141",Jawa Barat,(022) 2033406,none,08.00-22.00,08.00-22.00,08.00-22.00,08.00-22.00,08.00-22.00,08.00-22.00,08.00-22.00,Kedai Kopi,$$,0,1300.0,poisRegular2,107.60563119999999,-6.8710503
7580461904801886479,OLbucks Coffee,"no 40231, Jl. Peta No.241, Suka Asih, Kec. Bojongloa Kaler, Kota Bandung, Jawa Barat 40231",Jawa Barat,(022) 6128821,none,10.00-22.00,10.00-22.00,10.00-22.00,10.00-22.00,10.00-22.00,10.00-22.00,10.00-22.00,Kafe,none,0,4.0,poisRegular2,107.5865974,-6.929355399999999
10605541952376596376,Kopi Selasar Sunaryo,"Jl. Bukit Pakar Timur No.100, Ciburial, Kec. Cimenyan, Kabupaten Bandung, Jawa Barat 40198",Jawa Barat,(022) 2507939,none,10.00-18.00,10.00-18.00,10.00-18.00,10.00-18.00,10.00-18.00,10.00-18.00,10.00-18.00,Kedai Kopi,$$,0,1200.0,poisRegular2,107.63673089999999,-6.8586962
10279137432064276197,7 Cafe,"Jl. Dr. Setiabudi No.182, Hegarmanah, Kec. Cidadap, Kota Bandung, Jawa Barat 40153",Jawa Barat,(022) 2036770,none,10.00-01.00,10.00-02.00,10.00-02.00,10.00-01.00,10.00-01.00,10.00-01.00,10.00-01.00,Kafe,none,0,63.0,poisRegular2,107.5938328,-6.870791599999999
3950214526868761941,Goldstar 360 food coffee shisha,"Jl. Dangdeur Indah No.2b, Sukagalih, Kec. Sukajadi, Kota Bandung, Jawa Barat 40163",Jawa Barat,0812-8199-2700,none,11.00-23.00,11.00-00.00,11.00-00.00,11.00-23.00,11.00-23.00,11.00-23.00,11.00-23.00,Restoran makan siang,$$,0,2200.0,poisRegular2,107.5822398,-6.8840987
3658581676643329698,LERENG ANTENG Panoramic Coffee,"5J4F+W3W, Kampung Jl. Pagermaneuh, RT.03/RW.07, Pagerwangi, Kec. Lembang, Kabupaten Bandung Barat, Jawa Barat 40391",Jawa Barat,-,none,09.00-21.00,09.00-21.00,08.00-21.00,08.00-21.00,09.00-21.00,09.00-21.00,09.00-21.00,Kedai Kopi,$$,0,10000.0,poisRegular2,107.6227083,-6.8426314999999995
6890381117927401857,Titik Teduh,"Jl. Sukamekar III No.2, Sukawarna, Kec. Sukajadi, Kota Bandung, Jawa Barat 40164",Jawa Barat,0857-2142-7648,none,09.00-22.00,09.00-22.00,09.00-22.00,09.00-22.00,09.00-22.00,09.00-22.00,09.00-22.00,Kedai Kopi,$$,0,359.0,poisRegular2,107.58054999999999,-6.8884707999999994
5001519487084783778,Kana Cafe Bandung,"Komplek Setrasari Plaza II, Sukagalih, Kec. Sukajadi, Kota Bandung, Jawa Barat 40163",Jawa Barat,0811-2343-045,none,08.00-21.00,08.00-21.00,08.00-21.00,08.00-21.00,08.00-21.00,08.00-21.00,08.00-21.00,Kafe,none,0,349.0,poisRegular2,107.5836733,-6.8806169
174529551988686653,Morning Glory Coffee Bandung Setrasari,"Setra Sari Mall Ruko Setrasari Mall kav C2 no 31, Sukagalih, Sukajadi, Bandung City, West Java 40163",Jawa Barat,(022) 2020993,none,07.00-22.00,07.00-22.00,07.00-22.00,07.00-22.00,07.00-22.00,07.00-22.00,07.00-22.00,Kedai Kopi,$$,0,1100.0,poisRegular2,107.5825369,-6.881501399999999
2107607634176430960,coffee,"Gg. Arka, Dungus Cariang, Kec. Andir, Kota Bandung, Jawa Barat 40183",Jawa Barat,0812-2377-2734,none,,,,,,,,Kedai Kopi,,0,0.0,poisRegular2,107.58431850000001,-6.9155873
13407947677351873507,Cofe,"2HRV+F8W, Jl. Cibaduyut, Cibaduyut Kidul, Kec. Bojongloa Kidul, Kota Bandung, Jawa Barat 40238",Jawa Barat,-,none,,,,,,,,Kedai Kopi,,0,0.0,poisRegular2,107.5933526,-6.9587667
1139016454540521554,Nimna Bookcafé,"Jl. Sukahaji No.126, Sukarasa, Kec. Sukasari, Kota Bandung, Jawa Barat 40152",Jawa Barat,(022) 82602215,none,09.00-23.00,09.00-23.00,09.00-23.00,09.00-23.00,09.00-23.00,Tutup,09.00-23.00,Kedai Kopi,$$,0,369.0,poisRegular2,107.585133,-6.8700865
9111596339743813654,Kalpa Tree Dine and Chill,"Jl. Kiputih No.37, Ciumbuleuit, Kec. Cidadap, Kota Bandung, Jawa Barat 40142",Jawa Barat,(022) 64402875,none,09.00-22.00,09.00-22.00,09.00-22.00,09.00-22.00,09.00-22.00,09.00-22.00,09.00-22.00,Restoran,$$,0,6100.0,poisRegular2,107.60995829999999,-6.866147799999999
14045438559144546977,The Stone Cafe,"Dago Coblong, Jl. Rancakendal Luhur No.5, Ciburial, Kec. Cimenyan, Kabupaten Bandung, Jawa Barat 40198",Jawa Barat,(022) 2500577,none,11.00-22.00,11.00-22.00,11.00-23.00,11.00-22.00,11.00-22.00,11.00-22.00,11.00-22.00,Restoran Mewah,$$,0,3300.0,poisRegular2,107.62702759999999,-6.8651675
6188862375794329627,Meeting Point Cafe,"Jl. Dr. Djunjunan No.155, Pasteur, Kec. Cicendo, Kota Bandung, Jawa Barat 40171",Jawa Barat,(022) 6010911,none,09.00-21.00,09.00-21.00,09.00-21.00,09.00-21.00,09.00-21.00,09.00-21.00,09.00-21.00,Kafe,$$,0,388.0,poisRegular2,107.5832332,-6.892592700000001
572742221438843401,Kuwera Inn & Cafe,"Jl. Bungur No.9, Cipedes, Kec. Sukajadi, Kota Bandung, Jawa Barat 40162",Jawa Barat,(022) 64403448,none,,,,,,,,Hotel bintang 2,none,0,204.0,poisRegular2,107.5947015,-6.8821724
438299306146282352,DE Caffee,"3HWH+G2P, Jl. Bandara Husein Sastranegara, Husen Sastranegara, Kec. Cicendo, Kota Bandung, Jawa Barat 40174",Jawa Barat,-,none,Buka 24 jam,Buka 24 jam,Buka 24 jam,Buka 24 jam,Buka 24 jam,Buka 24 jam,Buka 24 jam,Kedai Kopi,none,0,1.0,poisRegular2,107.5775842,-6.9036577
7482327352748653576,Mendjamu,"Jl. Sukaresmi No.5, Cipedes, Kec. Sukajadi, Kota Bandung, Jawa Barat 40162",Jawa Barat,(022) 2034188,none,07.00-21.00,07.00-21.00,07.00-21.00,07.00-21.00,07.00-21.00,07.00-21.00,07.00-21.00,Restoran,$$,0,420.0,poisRegular2,107.5934868,-6.8791809
3348608071600425642,Flourish Cafe,"Jl. Prof. Dr. Sutami No.58, Sukarasa, Kec. Sukasari, Kota Bandung, Jawa Barat 40152",Jawa Barat,0813-1281-5051,none,09.00-18.00,09.00-18.00,09.00-18.00,Tutup,09.00-18.00,09.00-18.00,09.00-18.00,Kedai Kopi,none,0,46.0,poisRegular2,107.58739969999999,-6.8779574
12605259149795718143,AH Resto And Cafe 23 Paskal,"23 Paskal Mall, Lantai 3, Pasir Kaliki, Bandung, 40181, Indonesia, Jl. Pasir Kaliki No.3, Kebon Jeruk, Andir, Bandung City, West Java 40181, Indonesia, Jl. Pasir Kaliki No.3, Ciroyom, Andir, Bandung City, West Java 40181",Jawa Barat,(0622) 26008621,none,10.00-22.00,10.00-22.00,10.00-22.00,10.00-22.00,10.00-22.00,10.00-22.00,10.00-22.00,Kafe,none,0,28.0,poisRegular2,107.5940892,-6.9156471
9784919617214852394,Bertajuk Coffee,"Jl. Pak Gatot IV No.99 G, Gegerkalong, Kec. Sukasari, Kota Bandung, Jawa Barat 40153",Jawa Barat,-,none,11.00-22.00,13.00-22.00,11.00-22.00,11.00-22.00,11.00-22.00,11.00-22.00,11.00-22.00,Kedai Kopi,none,0,12.0,poisRegular2,107.58944869999999,-6.8670732999999995
15372749471207622644,Cafe Sederhana,"Jl. Kapten Abdul Hamid No.21, Ledeng, Kec. Cidadap, Kota Bandung, Jawa Barat 40141",Jawa Barat,0812-2404-1664,none,Buka 24 jam,Buka 24 jam,Buka 24 jam,Buka 24 jam,Buka 24 jam,Buka 24 jam,Buka 24 jam,Kafe,$,0,144.0,poisRegular2,107.5947748,-6.8651598
17458499175160457392,Iqra Cafe,"Jl. Gegerkalong Tengah No.64, Gegerkalong, Kec. Sukasari, Kota Bandung, Jawa Barat 40153",Jawa Barat,-,none,09.00-21.00,09.00-21.00,09.00-21.00,09.00-21.00,09.00-21.00,09.00-21.00,09.00-21.00,Kafe,none,0,9.0,poisRegular2,107.5916316,-6.8655443
8922307366670372705,18 Hrs Café,"Jl. Dr. Setiabudi No.103, Gegerkalong, Kec. Sukasari, Kota Bandung, Jawa Barat 40153",Jawa Barat,(022) 2032600,none,11.00-01.00,11.00-01.00,11.00-01.00,11.00-01.00,11.00-01.00,11.00-01.00,11.00-01.00,Kafe,none,0,79.0,poisRegular2,107.5937932,-6.871586300000001
13631323081601775965,Warkop Modjok,"Perumahan, Jl. Pd. Hijau Indah Jl. Pinus Raya No.12, Isola, Kec. Sukasari, Kota Bandung, Jawa Barat 40154",Jawa Barat,0821-1511-1896,none,09.00-23.59,09.00-23.59,09.00-23.59,09.00-23.59,09.00-23.59,09.00-23.59,09.00-23.59,Kedai Kopi,$$,0,1800.0,poisRegular2,107.5899328,-6.855106099999999
2549594715755588657,Rustic Owl Coffee,"Jl. Gegerkalong Hilir No.117, Sukarasa, Kec. Sukasari, Kota Bandung, Jawa Barat 40153",Jawa Barat,-,none,13.00-22.00,14.00-22.00,13.00-22.00,14.00-22.00,13.00-22.00,13.00-22.00,13.00-22.00,Kedai Kopi,$,0,145.0,poisRegular2,107.58562549999999,-6.8684794
1458937912496811151,REAL 8 CAFE,"Jl. Rereongan Sarupi No.23, Ciumbuleuit, Kec. Cidadap, Kota Bandung, Jawa Barat 40142",Jawa Barat,0812-1179-3158,none,10.00-00.00,10.00-00.00,10.00-00.00,10.00-00.00,10.00-00.00,10.00-00.00,10.00-00.00,Kedai Kopi,none,0,1.0,poisRegular2,107.6050933,-6.8621995
644443132373136370,D'Bandits Coffee,"Jl. Sukahaji No.99 RT05/07, Sukarasa, Kec. Sukasari, Kota Bandung, Jawa Barat 40152",Jawa Barat,-,none,09.00-22.00,09.00-22.00,09.00-22.00,09.00-22.00,09.00-22.00,09.00-22.00,09.00-22.00,Kafe,none,0,37.0,poisRegular2,107.58471349999999,-6.872651899999999
1124813764841272688,Appeo Cafe - Bandung,"Jl. Rajawali Barat No.87, Maleber, Kec. Andir, Kota Bandung, Jawa Barat 40184",Jawa Barat,-,none,09.00-20.00,09.00-22.00,09.00-23.00,09.00-20.00,09.00-20.00,09.00-20.00,09.00-20.00,Kafe,none,0,8.0,poisRegular2,107.5744201,-6.912462700000001
4748111606303485797,Black Khozie Coffee And Cafe,"Jalan Raya Punclut No.132 Pagerwangi Lembang, Pagerwangi, Bandung, Kabupaten Bandung Barat, Jawa Barat 40391",Jawa Barat,(022) 64404415,none,10.00-00.00,10.00-00.00,10.00-00.00,10.00-00.00,10.00-00.00,10.00-00.00,10.00-00.00,Kafe,$$,0,373.0,poisRegular2,107.61787,-6.8487528
6876296248056071077,Image Cafe & Steak,"Jl. Surya Sumantri No.47, Sukawarna, Kec. Sukajadi, Kota Bandung, Jawa Barat 40164",Jawa Barat,-,none,10.00-21.30,10.00-21.30,10.00-21.30,10.00-21.30,10.00-21.00,10.00-21.30,10.00-21.30,Kafe,none,0,4.0,poisRegular2,107.5815664,-6.884810600000002
1756329951328614800,Jimbaran Cafe & Lounge,"Jl. Gegerkalong Hilir No.65, Gegerkalong, Kec. Sukasari, Kota Bandung, Jawa Barat 40153",Jawa Barat,-,none,11.00-21.00,11.00-21.00,11.00-21.00,12.00-21.00,11.00-21.00,11.00-21.00,11.00-21.00,Kafe,none,0,3.0,poisRegular2,107.5904099,-6.869701300000001
7665150688137361379,Kopi Belakang,"samping Pusdikhum TNI AD / Depan Gate 1 UPI, Jl. Dr. Setiabudi No.236, Ledeng, Kec. Cidadap, Kota Bandung, Jawa Barat 40141",Jawa Barat,0853-1841-8304,none,08.00-23.00,08.00-23.00,08.00-23.00,08.00-23.00,08.00-23.00,08.00-23.00,08.00-23.00,Kedai Kopi,none,0,148.0,poisRegular2,107.594703,-6.864139
2516242146578452884,Cafe Balebat,"Jl. Sarimanah 2 No.161, Sarijadi, Kec. Sukasari, Kota Bandung, Jawa Barat 40151",Jawa Barat,0813-1367-2720,none,09.00-21.00,09.00-21.00,09.00-21.00,Tutup,09.00-21.00,09.00-21.00,09.00-21.00,Kafe,none,0,30.0,poisRegular2,107.57928899999999,-6.8785314
14338075651053329775,Borma Cafe,"Jl. Dr. Setiabudi No.148, Gegerkalong, Kec. Sukasari, Kota Bandung, Jawa Barat 40153",Jawa Barat,(022) 2038028,none,07.00-21.00,07.00-21.00,07.00-21.00,07.00-21.00,07.00-21.00,07.00-21.00,07.00-21.00,Kafe,none,0,11.0,poisRegular2,107.59609739999999,-6.873858599999999
12914783736426261078,Dadahut Cafe,"4HXM+966, Ciwaruga, Kec. Parongpong, Kabupaten Bandung Barat, Jawa Barat 40559",Jawa Barat,-,none,Tutup,Tutup,08.00-22.00,08.00-22.00,Tutup,Tutup,Tutup,Kafe,$,0,21.0,poisRegular2,107.5830134,-6.8515948
18058409965080109535,Sa.Ko.Pi,"Jl. Gegerkalong Girang No.52, Isola, Kec. Sukasari, Kota Bandung, Jawa Barat 40134",Jawa Barat,0857-6556-7057,none,12.00-20.00,13.30-20.00,Tutup,Tutup,12.00-20.00,12.00-20.00,12.00-20.00,Kafe,none,0,45.0,poisRegular2,107.58919540000001,-6.863354200000001
909961107453237046,Gumilang Regency Coffee Shop,"Gumilang Regency, Jl. Dr. Setiabudi No.323-325, Isola, Kec. Sukasari, Kota Bandung, Jawa Barat 40154",Jawa Barat,(022) 2012618,none,Buka 24 jam,Buka 24 jam,Buka 24 jam,Buka 24 jam,Buka 24 jam,Buka 24 jam,Buka 24 jam,Kafe,none,0,98.0,poisRegular2,107.59945809999999,-6.8461085
16781199757637289340,Singgah Rindu,"Gg. H. Ridho No.34, Gegerkalong, Kec. Sukasari, Kota Bandung, Jawa Barat 40153",Jawa Barat,0859-7478-5479,none,14.11-23.11,14.11-23.11,14.11-23.11,14.11-23.11,08.11-23.11,08.11-23.11,08.11-23.11,Kafe,none,0,22.0,poisRegular2,107.5929123,-6.8669429
2599540180446550197,Hellikopi,"Jl. Gegerkalong Hilir No.181 A, Sarijadi, Kec. Sukasari, Kota Bandung, Jawa Barat 40153",Jawa Barat,-,none,08.30-23.00,08.30-23.00,08.30-23.00,08.30-23.00,08.30-23.00,08.30-23.00,08.30-23.00,Kafe,$,0,249.0,poisRegular2,107.5799382,-6.86769
7317241236613503031,Rokok Organik Asther,"Jl. Sariwangi Selatan No.133, Sariwangi, Kec. Parongpong, Kabupaten Bandung Barat, Jawa Barat 40559",Jawa Barat,(022) 82000283,none,12.30-22.00,Tutup,12.30-22.00,Tutup,12.30-22.00,12.30-18.00,12.30-22.00,Kafe,$$,0,479.0,poisRegular2,107.5695015,-6.8634509999999995
8395516016210894597,ngopi.com cafe robusta and latte,"Jl. Sersan Surip No.102, Ledeng, Kec. Cidadap, Kota Bandung, Jawa Barat 40143",Jawa Barat,0812-1423-4963,none,10.04-20.00,10.04-20.00,10.04-20.00,10.04-20.00,10.04-20.00,10.04-20.00,10.04-20.00,Kafe,none,0,1.0,poisRegular2,107.5961215,-6.858607399999999
15497110990167530160,Cafe logic coffee,"Jl. Sari Asih No.54, Sarijadi, Kec. Sukasari, Kota Bandung, Jawa Barat 40151",Jawa Barat,-,none,08.00-20.00,08.00-20.00,08.00-20.00,Tutup,08.00-20.00,08.00-20.00,08.00-20.00,Kedai Kopi,none,0,5.0,poisRegular2,107.57558449999999,-6.874729299999999
14341483617560066855,Warung N'ce,"4HRW+C6C, Jl. Dr. Setiabudi, Ledeng, Kec. Cidadap, Kota Bandung, Jawa Barat 40154",Jawa Barat,-,none,09.00-22.00,09.00-22.00,09.00-22.00,09.00-22.00,09.00-22.00,09.00-22.00,09.00-22.00,Kedai Kopi,none,0,9.0,poisRegular2,107.5955072,-6.8589546
17131641730531340139,Ngopi Doeloe Setiabudi,"Jl. Dr. Setiabudi No.187, Gegerkalong, Kec. Sukasari, Kota Bandung, Jawa Barat 40153",Jawa Barat,(022) 2010893,none,09.00-22.00,09.00-22.00,09.00-00.00,09.00-22.00,09.00-22.00,09.00-22.00,09.00-22.00,Kedai Kopi,$$,0,1300.0,poisRegular2,107.5937221,-6.8669856
15122852372238345972,Warunk Sans,"Jl. Gegerkalong Girang No.69, Gegerkalong, Kec. Sukasari, Kota Bandung, Jawa Barat 40154",Jawa Barat,0822-7268-0869,none,13.00-21.00,09.00-21.00,09.00-21.00,Tutup,13.00-21.00,13.00-21.00,13.00-21.00,Kafe,none,0,4.0,poisRegular2,107.5898319,-6.8637488
10226924269225736748,Cafe Ruang Rindu,"Jl. Ciwaruga No.10, Ciwaruga, Kec. Parongpong, Kabupaten Bandung Barat, Jawa Barat 40559",Jawa Barat,0899-1839-415,none,09.00-22.00,09.00-22.00,09.00-22.00,09.00-22.00,09.00-22.00,09.00-22.00,09.00-22.00,Kedai Kopi,none,0,18.0,poisRegular2,107.5786054,-6.856736400000001
1692706897714536870,Harewos G25,"Little White Cafe, Jl. Lodaya No.13, Burangrang, Kec. Lengkong, Kota Bandung, Jawa Barat 40262",Jawa Barat,0831-0018-8678,none,,,,,,,,Kafe,none,0,14.0,poisRegular2,107.6197534,-6.9291333999999996
1247820898085317715,La Veranda Cafe,"JL. Cijerokaso Kompl Villa Parahyangan Kav 18-A 40152, Ciwaruga, Parongpong, West Bandung Regency, West Java 40559",Jawa Barat,(022) 2006405,none,10.00-22.00,10.00-22.00,10.00-23.00,10.00-22.00,10.00-22.00,10.00-22.00,10.00-22.00,Kafe,$$,0,270.0,poisRegular2,107.5756749,-6.8701674000000015
6746567998570323104,D'yuan Cafe,"4JX7+PPC, Jl. Rereongan Sarupi, Ciumbuleuit, Kec. Cidadap, Kota Bandung, Jawa Barat 40391",Jawa Barat,(022) 87784404,none,08.00-22.00,08.00-22.00,08.00-22.00,08.00-22.00,08.00-22.00,08.00-22.00,08.00-22.00,Kafe,,0,0.0,poisRegular2,107.6142378,-6.8506585
12344940840016397602,Restorja Cafe Steak,,Jawa Barat,,none,18.00-00.20,18.00-00.20,18.00-00.20,18.00-00.20,18.00-00.20,18.00-00.20,18.00-00.20,,none,0,0.0,poisRegular2,107.5813279,-6.8848427
15195297675991574027,Ammest.co,"Jl. Ciwaruga No.33, Ciwaruga, Kec. Parongpong, Kabupaten Bandung Barat, Jawa Barat 40559",Jawa Barat,0878-2556-1950,none,10.00-00.00,10.00-00.00,10.00-00.00,10.00-00.00,13.00-00.00,10.00-00.00,10.00-00.00,Kedai Kopi,none,0,215.0,poisRegular2,107.57603990000001,-6.862170099999999
954238353640998262,Triptych Garden Art Coffee,"komp, Jl. Pinus Raya Bar. Jl. Pd. Hijau Indah No.11, Ciwaruga, Kec. Parongpong, Kota Bandung, Jawa Barat 40154",Jawa Barat,0811-2281-183,none,10.00-22.00,10.00-22.00,08.00-22.00,08.00-22.00,10.00-22.00,10.00-22.00,10.00-22.00,Kafe seni,$$,0,306.0,poisRegular2,107.58442260000001,-6.8564925
8189226680862840920,IN CENT Cafe,"Jl. Kampus Polban, Ciwaruga, Kec. Parongpong, Kabupaten Bandung Barat, Jawa Barat 40559",Jawa Barat,0895-3750-59092,none,09.00-18.00,09.00-18.00,09.00-18.00,Tutup,09.09-18.00,09.00-18.00,09.00-18.00,Kafe,none,0,7.0,poisRegular2,107.5735833,-6.869216199999999
5367044299602631368,Lisung Resto,"Jl. Bukit Pakar Timur No.111, Ciburial, Kec. Cimenyan, Kabupaten Bandung, Jawa Barat 40198",Jawa Barat,(022) 2536225,none,12.00-22.00,13.00-23.00,11.00-23.00,11.00-23.00,11.00-23.00,11.00-23.00,12.00-22.00,Kafe,$$,0,1800.0,poisRegular2,107.6374682,-6.8587834999999995
2783922153812409414,TagMe Kafe Punclut,"Jl.Pagermaneuh No.50, Lembang Kab.Bandung Desa Pager Wangi Kec.Lembang RT/RW : 06/08, Kabupaten Bandung Barat, Jawa Barat 40391",Jawa Barat,0819-3117-3978,none,15.00-02.00,15.00-04.00,15.00-04.00,15.00-02.00,15.00-02.00,15.00-02.00,15.00-02.00,Kafe,none,0,312.0,poisRegular2,107.6196887,-6.8379347
18258426827926921512,Caffé Path,"3J98+339, Ancol, Kec. Regol, Kota Bandung, Jawa Barat 40251",Jawa Barat,0812-2009-3907,none,,,,,,,,Kafe,none,0,4.0,poisRegular2,107.6152623,-6.9323606
13008705654388084631,MOZ Story Coffee | Warkop,"Jl. Lembah Bajuri No.10, Isola, Kec. Sukasari, Kota Bandung, Jawa Barat 40154",Jawa Barat,0857-9421-0260,none,15.00-02.00,15.00-02.00,15.00-02.00,15.00-00.00,15.00-00.00,15.00-02.00,15.00-02.00,Kafe,$,0,83.0,poisRegular2,107.5900482,-6.8497786
13368988312382225383,Lekoch.coffee,"Jl. Dr. Setiabudi No.272, Ledeng, Kec. Sukasari, Kota Bandung, Jawa Barat 40143",Jawa Barat,0813-7373-1923,none,07.00-23.00,07.00-23.00,07.00-23.00,07.00-23.00,07.00-23.00,07.00-23.00,07.00-23.00,Kafe,none,0,1.0,poisRegular2,107.59510350000001,-6.86116
13770132568080047689,Cafe Mas Bro,"Jl. Dipalaya I No.63, Ciwaruga, Coblong, Jl. Dipalaya I No.17, Ciwaruga, Kec. Parongpong, Kabupaten Bandung Barat, Jawa Barat 40559",Jawa Barat,0812-2051-7000,none,09.00-23.00,09.00-23.00,09.00-23.00,09.00-23.00,09.00-23.00,09.00-23.00,09.00-23.00,Kafe,none,0,3.0,poisRegular2,107.5747207,-6.862546399999999
4716312635899748018,SWEET LIGHT CAFE PUNCLUT,"Jalan Cipicung Girang, Jl. Punclut No.115, Ciumbuleuit, Kec. Cidadap, Kota Bandung, Jawa Barat 40142",Jawa Barat,-,none,09.00-21.30,09.00-21.30,09.00-21.30,09.00-21.30,09.00-21.30,09.00-21.30,09.00-21.30,Kafe,none,0,6.0,poisRegular2,107.61322249999999,-6.8562726
4486771914231275161,Waroeng Soerabi,"Jl. Dr. Setiabudi No.185, Gegerkalong, Kec. Sukasari, Kota Bandung, Jawa Barat 40153",Jawa Barat,0821-1613-9205,none,Buka 24 jam,Buka 24 jam,Buka 24 jam,Buka 24 jam,Buka 24 jam,Buka 24 jam,Buka 24 jam,Kafe,$$,0,1500.0,poisRegular2,107.59378,-6.8671232
14995538174369831961,Fakboy Bandung,"Jl. Gegerkalong Girang No.82, Isola, Kec. Sukasari, Kota Bandung, Jawa Barat 40153",Jawa Barat,0895-0771-9500,none,13.00-22.00,14.00-22.00,13.00-22.00,13.00-22.00,13.00-22.00,13.00-22.00,13.00-22.00,Kedai Kopi,none,0,6.0,poisRegular2,107.58713,-6.8625405
1423742600593962868,Cafe Imah Pojok,"Jl. Ciwaruga No.69 RT. 02/03, Ciwaruga, Kec. Parongpong, Kabupaten Bandung Barat, Jawa Barat 40559",Jawa Barat,-,none,,,,,,,,Kafe,none,0,5.0,poisRegular2,107.57305170000001,-6.866473900000001
45668025840913791,Cafe Paskal,"4HQP+PM2, Isola, Kec. Sukasari, Kota Bandung, Jawa Barat 40154",Jawa Barat,0823-1836-8833,none,07.00-21.00,07.00-21.00,07.00-21.00,Tutup,07.00-21.00,07.00-21.00,07.00-21.00,Kafe,none,0,8.0,poisRegular2,107.5866269,-6.8607255
7135709118410920737,Kafetaria,"Jl. Soekarno Hatta No.575 D, Gumuruh, Kec. Batununggal, Kota Bandung, Jawa Barat 40275",Jawa Barat,-,none,,,,,,,,Kedai Kopi,,0,0.0,poisRegular2,107.63859029999999,-6.9456639
16474545682415590086,Diana Cafe,"Jl. Kekal No.133, Gegerkalong, Kec. Sukasari, Kota Bandung, Jawa Barat 40153",Jawa Barat,0813-2013-1914,none,07.00-21.00,07.00-21.00,07.00-21.00,07.00-21.00,07.00-21.00,07.00-21.00,07.00-21.00,Kafe,,0,0.0,poisRegular2,107.5824478,-6.8641634
3846562765670256305,Kopi Kodok,"Jl. Terusan Sersan Bajuri No.54, Cihideung, Kec. Parongpong, Kabupaten Bandung Barat, Jawa Barat 40559",Jawa Barat,-,none,11.00-21.00,11.00-21.00,11.00-22.00,09.00-22.00,11.00-21.00,11.00-21.00,11.00-21.00,Kafe,none,0,292.0,poisRegular2,107.5927878,-6.844740199999999
12377894751177117483,Kopi Rumah Kayu,"Komplek Bumi Sariwangi 2 No.11, RT.04/RW.08, Sariwangi, Kec. Parongpong, Kabupaten Bandung Barat, Jawa Barat 40559",Jawa Barat,0812-2376-9202,none,15.00-22.00,15.00-22.00,08.30-22.00,15.00-22.00,15.00-22.00,Tutup,15.00-22.00,Kafe,$$,0,222.0,poisRegular2,107.5673527,-6.8638812
15807621705420390545,Gala Concept Store,"Jalan Tirta Sari II No.9, Sarijadi, Sukasari, Bandung City, West Java 40151",Jawa Barat,0851-5669-2726,none,10.00-22.00,10.00-22.00,10.00-22.00,10.00-22.00,10.00-22.00,10.00-22.00,10.00-22.00,Kedai Kopi,none,0,59.0,poisRegular2,107.5745735,-6.875483399999999
16227499632097220226,Kedai Kopi Nusasari,"Jl. Gegerkalong Girang No.147, Gegerkalong, Kec. Sukasari, Kota Bandung, Jawa Barat 40153",Jawa Barat,0813-2004-7779,none,06.00-02.00,06.00-02.00,06.00-02.00,06.00-02.00,06.00-02.00,06.00-02.00,06.00-02.00,Kedai Kopi,none,0,1.0,poisRegular2,107.5855105,-6.8622700000000005
18306469205171737805,Double Nine Coffee Shop,"Jl. Sersan Bajuri No.99, Isola, Kec. Sukasari, Kota Bandung, Jawa Barat 40154",Jawa Barat,0812-8080-3161,none,08.00-20.00,08.00-20.00,08.00-20.00,08.00-20.00,08.00-20.00,08.00-20.00,08.00-20.00,Kedai Kopi,none,0,17.0,poisRegular2,107.59075729999999,-6.8497388
10913863097386590591,Waroeng Badjoeri,"Jl. Sersan Bajuri No.43, Isola, Kec. Sukasari, Kota Bandung, Jawa Barat 40154",Jawa Barat,(022) 2007701,none,09.00-21.00,09.00-21.00,09.00-21.00,09.00-21.00,09.00-21.00,09.00-21.00,09.00-21.00,Kafe,$$,0,128.0,poisRegular2,107.59185269999999,-6.8547515
2764716158490479089,Green Cafe & Pool,"4HRH+CVX, Jl. Bukit HIjau, Ciwaruga, Kec. Parongpong, Kabupaten Bandung Barat, Jawa Barat 40559",Jawa Barat,0816-1916-162,none,,,,,,,,Kafe,none,0,16.0,poisRegular2,107.57973249999999,-6.858877499999999
15407756539737532383,éL Deli & Café,"Jl. Merdeka No.2, Braga, Kec. Sumur Bandung, Kota Bandung, Jawa Barat 40111",Jawa Barat,(022) 4232286,none,,,,,,,,Kafe,none,0,2.0,poisRegular2,107.6092554,-6.9163497
8007388719671143362,Kedai S,"JL. Sersan Bajuri, Km. 4, 7, Villa Triniti, Cihideung, Kec. Parongpong, Kabupaten Bandung Barat, Jawa Barat 40154",Jawa Barat,(022) 70686769,none,10.00-21.00,10.00-21.00,10.00-21.00,10.00-21.00,10.00-21.00,10.00-21.00,10.00-21.00,Kafe,none,0,2.0,poisRegular2,107.59333699999999,-6.8441980000000004
14166383273108509744,WARKOP'S,"Jl. Antapani Lama No.39, Cicaheum, Kec. Kiaracondong, Kota Bandung, Jawa Barat 40282",Jawa Barat,0822-1490-1408,none,,,,,,,,Kafe,none,0,3.0,poisRegular2,107.65744730000002,-6.9031828
2900987894794613548,THREE WAYS COFFEE,"Jl. Punclut, Pagerwangi, Kec. Lembang, Kota Bandung, Jawa Barat 40142",Jawa Barat,-,none,16.00-02.00,16.00-03.00,16.00-03.00,16.00-02.00,16.00-02.00,16.00-02.00,16.00-02.00,Kafe,none,0,58.0,poisRegular2,107.6170875,-6.849158699999999
17495699020155053786,17 Ps Cafe,"Jl. Sariasih I No.17, Sarijadi, Kec. Sukasari, Kota Bandung, Jawa Barat 40151",Jawa Barat,0857-2227-0111,none,,,,,,,,Kios Penyewaan Video Game,none,0,11.0,poisRegular2,107.57890359999999,-6.8746317
4592714581733192656,Kirana Cafe House,"Jl. Sariwangi Selatan No.130, Sariwangi, Kec. Parongpong, Kabupaten Bandung Barat, Jawa Barat 40559",Jawa Barat,0822-5328-3820,none,,,,,,,,Kafe,none,0,14.0,poisRegular2,107.56923649999999,-6.863229
12261364693108146660,Kopi Salarea Express UPI Bandung,"Jl. Dr. Setiabudi No.229, Isola, Kec. Sukasari, Kota Bandung, Jawa Barat 40154",Jawa Barat,0812-2439-1329,none,08.00-17.00,08.00-17.00,Tutup,Tutup,08.00-17.00,08.00-17.00,08.00-17.00,Kedai Kopi,none,0,18.0,poisRegular2,107.5905875,-6.861235799999999
5278325738189976546,Kampung Daun Culture Gallery & Cafe,"5HHQ+9HC, Jl. Villa Triniti, Cigugur Girang, Kec. Parongpong, Kabupaten Bandung Barat, Jawa Barat 40559",Jawa Barat,(022) 2787915,none,10.00-21.00,10.00-21.00,09.00-23.00,09.00-21.00,10.00-21.00,10.00-21.00,10.00-21.00,Kafe,$$,0,9900.0,poisRegular2,107.58972059999999,-6.817671499999999
12305767870213468275,Cafe MIAGO,"Jl. Cigugur Girang No.237, Cigugur Girang, Kec. Parongpong, Kabupaten Bandung Barat, Jawa Barat 40559",Jawa Barat,0888-2121-380,none,10.00-22.00,10.00-22.00,10.00-22.00,10.00-22.00,10.00-22.00,10.00-22.00,10.00-22.00,Kafe,none,0,7.0,poisRegular2,107.58433679999999,-6.836087000000001
6371151365610381823,Warung Kopi Bawah Pohon,"Jl. Abadi I No.24, Gegerkalong, Kec. Sukasari, Kota Bandung, Jawa Barat 40153",Jawa Barat,0811-214-439,none,09.00-17.00,09.00-17.00,09.00-17.00,Tutup,09.00-17.00,09.00-17.00,09.00-17.00,Kafe,none,0,6.0,poisRegular2,107.584704,-6.8630644
6576506829640269973,La Kaffa,"Jl. Cigugur Girang No.37, Cigugur Girang, Kec. Parongpong, Kota Bandung, Jawa Barat 40559",Jawa Barat,0878-2266-0543,none,10.00-22.00,10.00-22.00,10.00-23.00,10.00-22.00,10.00-22.00,10.00-22.00,10.00-22.00,Kedai Kopi,none,0,1.0,poisRegular2,107.5846904,-6.8418025
11234730821828023686,ETRASMI cafe & Bakery,"Jl. Mekarwangi No.14, Sariwangi, Kec. Parongpong, Kabupaten Bandung Barat, Jawa Barat 40559",Jawa Barat,0813-2114-9032,none,,,,,,,,Kedai Kopi,none,0,2.0,poisRegular2,107.57510440000001,-6.8444141
14637887958730217400,Hisana Cafe,"Jl. Gegerkalong Girang No.129, Gegerkalong, Kec. Sukasari, Kota Bandung, Jawa Barat 40153",Jawa Barat,-,none,09.00-21.00,09.00-21.00,09.00-21.00,09.00-21.00,09.00-21.00,09.00-21.00,09.00-21.00,Kafe,$,0,33.0,poisRegular2,107.5869397,-6.8626209
10510063320590594227,Mesin Kopi Bandung,"Jl. Rereongan Sarupi No.79, Ciumbuleuit, Kec. Cidadap, Kota Bandung, Jawa Barat 40142",Jawa Barat,0818-222-997,none,15.00-22.00,15.00-22.00,15.00-23.00,15.00-23.00,Tutup,15.00-22.00,15.00-22.00,Kedai Kopi,none,0,28.0,poisRegular2,107.60619179999999,-6.859652199999999
11708146423723047403,Sasuse Cafe,"Jl Cihanjuang, Kp Cibaligo Permai Raya No.23, Cihanjuang, Kec. Parongpong, Kabupaten Bandung Barat, Jawa Barat 40559",Jawa Barat,-,none,13.00-21.00,13.00-21.00,13.00-21.00,13.00-21.00,13.00-21.00,13.00-21.00,13.00-21.00,Kafe,none,0,13.0,poisRegular2,107.56496729999999,-6.8607295
17544794986789561246,5758 Coffee Lab,"Pondok Hijau Indah, Rusa Pinus Raya E1-D, Jl. Pinus Raya Bar., Gegerkalong, Kota Bandung, Jawa Barat 40153",Jawa Barat,0822-5533-5758,none,07.00-20.00,07.00-20.00,07.00-20.00,07.00-20.00,07.00-20.00,07.00-20.00,07.00-20.00,Pusat Pelatihan,$,0,2200.0,poisRegular2,107.5825864,-6.8613263
14082551588419662577,Mie Aquarius group,,Jawa Barat,,none,09.00-20.30,09.00-20.30,09.00-20.30,09.00-20.30,09.00-20.30,09.00-20.30,09.00-20.30,,none,0,0.0,poisRegular2,107.5920326,-6.8642758
10395790705203621526,Kopi Titik Koma,"Jl. Daeng Moh. Ardiwinata No.104, Cibabat, Kec. Cimahi Utara, Kota Cimahi, Jawa Barat 40513",Jawa Barat,(022) 20680770,none,15.00-23.00,08.00-23.00,08.00-23.00,08.00-23.00,08.00-23.00,08.00-23.00,08.00-23.00,Kedai Kopi,none,0,118.0,poisRegular2,107.5550759,-6.873286299999999
15072086713330794695,ibe cafe,"Jl. Raya Lembang No.234, Gudangkahuripan, Kec. Lembang, Kabupaten Bandung Barat, Jawa Barat 40391",Jawa Barat,0858-0927-3020,none,10.00-21.00,10.00-21.00,10.00-21.00,10.00-21.00,10.00-21.00,10.00-21.00,10.00-21.00,Kafe,none,0,13.0,poisRegular2,107.6105451,-6.820625
15871174645050468735,The Saung Cafe,"Jl. Ciawitali No.2, Citeureup, Kec. Cimahi Utara, Kota Cimahi, Jawa Barat 40512",Jawa Barat,0853-1429-4099,none,14.00-23.00,14.00-23.00,14.00-23.00,14.00-23.00,14.00-23.00,14.00-23.00,14.00-23.00,Kafe,none,0,75.0,poisRegular2,107.5533057,-6.8669645
16751764558994840191,Tawa Kopi,"4HV9+M73, Jl. Cihanjuang Cibaligo Permai Raya, RT.05/RW.02, Cihanjuang, Kec. Parongpong, Kabupaten Bandung Barat, Jawa Barat 40559",Jawa Barat,0895-1933-1847,none,15.00-22.00,16.00-22.00,15.00-22.00,15.00-22.00,Tutup,15.00-22.00,15.00-22.00,Kafe,none,0,48.0,poisRegular2,107.5681731,-6.8558587
7163055223557039880,Greeone Cafe & Course,"Jl. SMP No.1, Karangmekar, Kec. Cimahi Tengah, Kota Cimahi, Jawa Barat 40523",Jawa Barat,-,none,09.00-21.00,09.00-21.00,09.00-22.00,09.00-22.00,09.00-21.00,09.00-21.00,09.00-21.00,Kafe,none,0,23.0,poisRegular2,107.54500709999999,-6.8758059
6777963675720499037,Freundschaft Coffe,"Jl. Cigugur Girang No.193, Cigugur Girang, Kec. Parongpong, Kabupaten Bandung Barat, Jawa Barat 40559",Jawa Barat,-,none,07.00-21.00,07.00-21.00,07.00-21.00,07.00-21.00,07.00-21.00,07.00-21.00,07.00-21.00,Kafe,none,0,7.0,poisRegular2,107.58567579999999,-6.835599900000001
11595493701036499927,Mimiti Coffee & Space,"Jl. Bukit Pakar Timur Jl. Pakar Bar. No.7, Dago, Kec. Cimenyan, Kabupaten Bandung, Jawa Barat 40198",Jawa Barat,-,none,,,,,,,,Kedai Kopi,$$,0,1300.0,poisRegular2,107.626679,-6.8640345
15995364990251473088,Teras Brandweer,"Komplek Katumiri, Jl. Cihanjuang Jl. Mentari Pagi No.7, Cihanjuang, Kec. Parongpong, Kabupaten Bandung Barat, Jawa Barat 40559",Jawa Barat,0812-2469-6886,none,09.00-21.00,09.00-21.00,09.00-21.00,09.00-21.00,09.00-21.00,09.00-21.00,09.00-21.00,Kafe,none,0,206.0,poisRegular2,107.5668487,-6.8383731
17372896873419820477,Permakopi Cafe,"Kampung bongkok pojok RT04 RW07, Padaasih, Kec. Cisarua, Kabupaten Bandung Barat, Jawa Barat 40551",Jawa Barat,0878-2281-3223,none,11.00-19.00,14.00-19.00,17.00-22.00,06.00-14.00,11.00-19.00,11.00-19.00,11.00-19.00,Kafe,none,0,7.0,poisRegular2,107.564505,-6.8410464
16827080333885008799,Ruga Coffee,"Jl. Waruga Jaya No.2, Ciwaruga, Kec. Parongpong, Kabupaten Bandung Barat, Jawa Barat 40559",Jawa Barat,0813-1255-8145,none,10.00-22.00,13.00-22.00,10.00-22.00,10.00-22.00,10.00-22.00,Tutup,10.00-22.00,Kedai Kopi,none,0,18.0,poisRegular2,107.5821885,-6.846962899999999
1281612760311327696,Bumi Cemara Cafe,"Jl. Kolonel Masturi No.Km 4, Cipageran, Kec. Cimahi Utara, Kota Cimahi, Jawa Barat 40511",Jawa Barat,0821-3050-7722,none,10.00-21.00,10.00-21.00,10.00-22.00,10.00-21.00,10.00-21.00,10.00-21.00,10.00-21.00,Kafe,none,0,78.0,poisRegular2,107.55106119999999,-6.8419171
10174121069677351972,Darjeeling,"Jl. Terusan Sersan Bajuri No.72, Cihideung, Kec. Parongpong, Kabupaten Bandung Barat, Jawa Barat 40559",Jawa Barat,0811-2079-799,none,10.00-22.00,10.00-22.00,10.00-23.00,10.00-23.00,10.00-22.00,10.00-22.00,10.00-22.00,Kafe,$$,0,1700.0,poisRegular2,107.595035,-6.831758799999999
4811951603353303570,Painkiller.Koffie,"Jl. Citeureup No.102, Citeureup, Kec. Cimahi Utara, Kota Cimahi, Jawa Barat 40512",Jawa Barat,0857-0322-2748,none,10.00-22.00,10.00-22.00,09.00-23.00,09.00-23.00,10.00-22.00,10.00-22.00,10.00-22.00,Kafe,none,0,10.0,poisRegular2,107.5520164,-6.8628326
17687566092726052200,Northwood Cihanjuang,"Jl. Cihanjuang No.90, Cihanjuang, Kec. Parongpong, Kabupaten Bandung Barat, Jawa Barat 40559",Jawa Barat,0811-2299-554,none,08.00-22.00,08.00-22.00,08.00-22.00,08.00-22.00,08.00-22.00,08.00-22.00,08.00-22.00,Kafe,none,0,168.0,poisRegular2,107.56874020000001,-6.854393099999999
15576310734577212952,The Heritage Kitchen & Gallery,"Jl. Dr. Setiabudi No.276A, Ledeng, Kec. Cidadap, Kota Bandung, Jawa Barat 40143",Jawa Barat,(022) 82001036,none,08.00-21.00,08.00-21.00,08.00-21.00,08.00-21.00,08.00-21.00,08.00-21.00,08.00-21.00,Restoran Indonesia,$$,0,624.0,poisRegular2,107.59498599999999,-6.8605146
5543967656924372735,Kintsugi 2.0 Headquarters,"Jl. Abadi Raya No.38, Gegerkalong, Kec. Sukajadi, Kota Bandung, Jawa Barat 40153",Jawa Barat,-,none,08.00-22.00,08.00-22.00,08.00-22.00,08.00-22.00,08.00-22.00,08.00-22.00,08.00-22.00,Kedai Kopi,none,0,286.0,poisRegular2,107.5833557,-6.8638385
10159606469705721900,Cafe PRSBK,"5HC5+G5W, Jambudipa, Kec. Cisarua, Kabupaten Bandung Barat, Jawa Barat 40551",Jawa Barat,0838-2993-2998,none,,,,,,,,Kedai Kopi,none,0,8.0,poisRegular2,107.55781189999999,-6.8293203
3060787293458770611,Pawon Batik Cafe Gallery,"Jl. Permana Tim. No.D-21, Citeureup, Kec. Cimahi Utara, Kota Cimahi, Jawa Barat 40512",Jawa Barat,(022) 6628629,none,10.00-22.00,10.00-22.00,10.00-22.00,10.00-22.00,10.00-22.00,10.00-22.00,10.00-22.00,Kafe,none,0,11.0,poisRegular2,107.5554355,-6.8586987
884702041534281639,Coffee,"3H5V+685, Situsaeur, Kec. Bojongloa Kidul, Kota Bandung, Jawa Barat 40233",Jawa Barat,-,none,,,,,,,,Kedai Kopi,none,0,1.0,poisRegular2,107.5933713,-6.9419973
